{"b": 0.5, "d": 0.15504447, "Ec": 1700, "m": 1000, "w": 1.0, "w1": 0.083626, "mu_meta": 0.0269564, "d0": 0.1, "d1": 3.24e-05}